Datetime,Water Level (m)
2025-06-21 18:00:00,-5.101
2025-06-21 19:00:00,-5.101
2025-06-21 20:00:00,-5.101
2025-06-21 21:00:00,-5.101
2025-06-21 22:00:00,-5.101
2025-06-21 23:00:00,-5.101
2025-06-22 00:00:00,-5.101
2025-06-22 01:00:00,-5.101
2025-06-22 02:00:00,0.12437166
2025-06-22 03:00:00,0.14110291
2025-06-22 04:00:00,0.15724574
2025-06-22 05:00:00,0.16242746
2025-06-22 06:00:00,0.17762762
2025-06-22 07:00:00,0.18476841
2025-06-22 08:00:00,0.19193602
2025-06-22 09:00:00,0.20678227
2025-06-22 10:00:00,0.21916127
2025-06-22 11:00:00,0.23388956
2025-06-22 12:00:00,0.24876548
2025-06-22 13:00:00,0.2608236
2025-06-22 14:00:00,0.2758134
2025-06-22 15:00:00,0.2914261
2025-06-22 16:00:00,0.3083883
2025-06-22 17:00:00,0.34518752
2025-06-22 18:00:00,0.38104984
2025-06-22 19:00:00,0.41354832
2025-06-22 20:00:00,0.443255
2025-06-22 21:00:00,0.47128794
2025-06-22 22:00:00,0.49837938
2025-06-22 23:00:00,0.52493554
2025-06-23 00:00:00,0.5507893
2025-06-23 01:00:00,0.576369
2025-06-23 02:00:00,0.60174334
2025-06-23 03:00:00,0.6265139
2025-06-23 04:00:00,0.65086895
2025-06-23 05:00:00,0.6747847
2025-06-23 06:00:00,0.69824314
2025-06-23 07:00:00,0.72130954
2025-06-23 08:00:00,0.74405676
2025-06-23 09:00:00,0.7661467
2025-06-23 10:00:00,0.787726
2025-06-23 11:00:00,0.808825
2025-06-23 12:00:00,0.8292991
2025-06-23 13:00:00,0.84559953
2025-06-23 14:00:00,0.8631086
2025-06-23 15:00:00,0.883528
2025-06-23 16:00:00,0.9040587
2025-06-23 17:00:00,0.9234845
2025-06-23 18:00:00,0.94252914
2025-06-23 19:00:00,0.96252286
2025-06-23 20:00:00,0.98360175
2025-06-23 21:00:00,1.0041049
2025-06-23 22:00:00,1.0242128
2025-06-23 23:00:00,1.043898
2025-06-24 00:00:00,1.0607896
2025-06-24 01:00:00,1.0803412
2025-06-24 02:00:00,1.0999651
2025-06-24 03:00:00,1.1193795
2025-06-24 04:00:00,1.1384684
2025-06-24 05:00:00,1.1563015
2025-06-24 06:00:00,1.1732504
2025-06-24 07:00:00,1.1887294
2025-06-24 08:00:00,1.2029859
2025-06-24 09:00:00,1.217728
2025-06-24 10:00:00,1.2314261
2025-06-24 11:00:00,1.2458673
2025-06-24 12:00:00,1.2604545
2025-06-24 13:00:00,1.2750589
2025-06-24 14:00:00,1.2895997
2025-06-24 15:00:00,1.304168
2025-06-24 16:00:00,1.3185394
2025-06-24 17:00:00,1.3327653
2025-06-24 18:00:00,1.3470228
2025-06-24 19:00:00,1.3613982
2025-06-24 20:00:00,1.3756872
2025-06-24 21:00:00,1.39146
2025-06-24 22:00:00,1.4051752
2025-06-24 23:00:00,1.4188721
2025-06-25 00:00:00,1.4323509
2025-06-25 01:00:00,1.4454916
2025-06-25 02:00:00,1.4582322
2025-06-25 03:00:00,1.4707351
2025-06-25 04:00:00,1.4830836
2025-06-25 05:00:00,1.4950628
2025-06-25 06:00:00,1.5066764
2025-06-25 07:00:00,1.5178803
2025-06-25 08:00:00,1.525705
2025-06-25 09:00:00,1.5346366
2025-06-25 10:00:00,1.5417794
2025-06-25 11:00:00,1.5472933
2025-06-25 12:00:00,1.5551497
2025-06-25 13:00:00,1.5634012
2025-06-25 14:00:00,1.5725646
2025-06-25 15:00:00,1.5829884
2025-06-25 16:00:00,1.5964085
2025-06-25 17:00:00,1.604271
2025-06-25 18:00:00,1.6128701
2025-06-25 19:00:00,1.6242666
2025-06-25 20:00:00,1.6361424
2025-06-25 21:00:00,1.6477299
2025-06-25 22:00:00,1.6592311
2025-06-25 23:00:00,1.6704662
2025-06-26 00:00:00,1.6810927
2025-06-26 01:00:00,1.691323
2025-06-26 02:00:00,1.701538
2025-06-26 03:00:00,1.7113665
2025-06-26 04:00:00,1.7206262
2025-06-26 05:00:00,1.7294194
2025-06-26 06:00:00,1.7379562
2025-06-26 07:00:00,1.7466125
2025-06-26 08:00:00,1.7553798
2025-06-26 09:00:00,1.7640169
2025-06-26 10:00:00,1.7721646
2025-06-26 11:00:00,1.7793412
2025-06-26 12:00:00,1.7857322
2025-06-26 13:00:00,1.7920882
2025-06-26 14:00:00,1.798422
2025-06-26 15:00:00,1.804539
2025-06-26 16:00:00,1.8110384
2025-06-26 17:00:00,1.8179947
2025-06-26 18:00:00,1.8250432
2025-06-26 19:00:00,1.8323551
2025-06-26 20:00:00,1.8401759
2025-06-26 21:00:00,1.8482915
2025-06-26 22:00:00,1.8564692
2025-06-26 23:00:00,1.86435
2025-06-27 00:00:00,1.8719553
2025-06-27 01:00:00,1.8795652
2025-06-27 02:00:00,1.8871121
2025-06-27 03:00:00,1.8947017
2025-06-27 04:00:00,1.9023038
2025-06-27 05:00:00,1.9091547
2025-06-27 06:00:00,1.9158885
2025-06-27 07:00:00,1.9223787
2025-06-27 08:00:00,1.9288485
2025-06-27 09:00:00,1.9354242
2025-06-27 10:00:00,1.9420125
2025-06-27 11:00:00,1.9478445
2025-06-27 12:00:00,1.9528816
2025-06-27 13:00:00,1.9572003
2025-06-27 14:00:00,1.9612733
2025-06-27 15:00:00,1.9653289
2025-06-27 16:00:00,1.9693762
2025-06-27 17:00:00,1.9737204
2025-06-27 18:00:00,1.9784614
